id;name;address;zip;city
1;withdrawal;matrix Sri Lanka;34815;Boehmberg
2;paradigms;Buckinghamshire UAE Dirham;29907;Lake Saigeburgh
3;override Wooden bandwidth-monitored;Buckinghamshire;5812;New Kelsifurt
4;application;Orchard;2160;Nealbury
5;Lead Creative;Arkansas;40505;New Josefinamouth
6;Sri Lanka;utilize FTP Operative;88268;South Eliezer
7;Metal Implemented Tasty Cotton Chair;Handmade Infrastructure;97016;Ashatown
8;Frozen transmitting Usability;FTP;37986;Herzogfurt
9;Creek;Jamaica Burkina Faso Dynamic;88110;Tomasaport
10;Group;strategic feed mobile;58816;East Taurean
