id;nom;prenom;date_de_naissance;email;telephone
1;IB Tennessee;Handmade protocol;2021-03-19;Terrell85@gmail.com;38954
2;Balboa US Dollar Clothing;Usability;2021-03-19;Lacy70@gmail.com;6469
3;Route International;Customer overriding;2021-03-19;Keyshawn.Weissnat@hotmail.com;58765
4;Checking Account Down-sized;Texas compressing;2021-03-20;Davion.Ernser@gmail.com;9218
5;West Virginia mindshare;microchip Benin Gorgeous;2021-03-20;Rossie.Runolfsdottir@hotmail.com;68110
6;Timor-Leste Vision-oriented;lavender District turquoise;2021-03-19;Emmanuel.Stiedemann@hotmail.com;69391
7;yellow;Handcrafted copying deposit;2021-03-20;Foster49@gmail.com;88191
8;Pants virtual;Jordan superstructure Mews;2021-03-19;Thora.Abshire27@gmail.com;74843
9;Intelligent Frozen Car Handmade;Centralized Strategist;2021-03-19;Savannah90@gmail.com;91844
10;Hungary Phased;programming Producer intermediate;2021-03-20;Dagmar_Mohr@yahoo.com;27043
