id;jhi_label;jhi_type;num_cin;delivery_date_cin;recto_cin;verso_cin;fatca
1;withdrawal;Checking Account Fiji;Concrete;2020-12-29;Officer Product RSS;context-sensitive Cambridgeshire;Future e-commerce Small Steel Towels
2;hack e-markets;open-source;Serbia;2020-12-29;Ohio;Representative;Music
3;bypass;Infrastructure Cotton;generating Distributed;2020-12-28;driver Steel;SDD back-end;deposit
4;azure Garden Legacy;demand-driven black transmitting;Cape seize Health;2020-12-29;synergies Crossing;e-markets;gold
5;AI client-driven;Chicken;open-source;2020-12-28;grow Soft integrated;Metrics;transmitting
6;Kyat Customer Handmade Soft Table;Loaf virtual Comoro Franc;Pataca;2020-12-29;Fresh override;Plains Kids index;CFA Franc BCEAO viral azure
7;Director blue;transmitter;withdrawal methodologies;2020-12-29;Home Texas;Keyboard Rubber;quantify
8;Cambridgeshire;leverage Grocery Intelligent Wooden Tuna;Towels disintermediate;2020-12-29;Mexico;Versatile;bypass white Chips
9;Cambridgeshire compressing;Wooden;Games Bosnia and Herzegovina;2020-12-29;Concrete;user-centric;methodical JSON
10;Tactics transition Assistant;Architect white;bluetooth Lock;2020-12-29;PCI;Fresh;Investment Account experiences Mississippi
