id;matricule;id_bu;id_role;email;id_poste
1;97163;16286;16980;Eleanore24@yahoo.com;72479
2;66748;94201;80410;Thaddeus5@gmail.com;24341
3;25713;49880;98043;Carli.Eichmann@gmail.com;1156
4;44411;59045;49833;Alta.Hegmann@gmail.com;95751
5;17032;50379;48840;Velva_Dare38@gmail.com;69863
6;36061;56233;4442;Dortha_Gleason75@yahoo.com;23346
7;76539;35002;66375;Dana.Kilback99@yahoo.com;79173
8;61249;78864;49899;Loraine.Quigley76@hotmail.com;81225
9;53100;93339;94939;Cloyd.Volkman@hotmail.com;49661
10;49721;23320;36893;Josephine_Labadie96@hotmail.com;88466
